current_time,weather,temp,humidity
2025-07-15 04:30:45,Clouds,26.02,75
2025-07-15 04:30:59,Clouds,26.02,75
2025-07-15 04:36:08,Clouds,23.97,73
2025-07-15 04:49:46,Clouds,23.97,73
2025-07-15 05:01:10,Clouds,23.97,73
2025-07-15 05:32:04,Clouds,23.97,73
2025-07-15 05:51:07,Clouds,25.41,67
2025-07-15 05:58:41,Clouds,25.41,67
2025-07-15 06:34:53,Clouds,25.41,67
2025-07-15 06:57:08,Clouds,24.74,72
2025-07-15 07:20:40,Clouds,24.74,72
2025-07-15 07:39:28,Clouds,24.79,67
2025-07-15 07:50:31,Clouds,24.79,67
2025-07-15 07:58:05,Clouds,24.79,67
2025-07-15 08:28:56,Clouds,24.79,67
2025-07-15 09:06:08,Clouds,26.76,74
2025-07-15 09:21:10,Clouds,25.17,72
2025-07-15 09:45:49,Clouds,26.76,69
2025-07-15 09:57:18,Clouds,26.76,69
2025-07-15 10:20:31,Clouds,24.78,78
2025-07-15 10:44:09,Clear,24.76,78
2025-07-15 10:56:28,Clear,24.76,78
2025-07-15 11:15:08,Clear,24.76,78
2025-07-15 11:31:18,Clouds,23.76,88
2025-07-15 11:44:07,Clouds,23.76,88
2025-07-15 11:52:02,Clouds,23.76,88
2025-07-15 11:59:49,Clouds,23.76,88
2025-07-15 12:54:04,Rain,23.76,94
2025-07-15 13:30:33,Clouds,23.76,94
2025-07-15 13:55:37,Clouds,23.76,94
2025-07-15 14:14:52,Clouds,23.12,91
2025-07-15 14:39:13,Clouds,23.76,94
2025-07-15 14:52:49,Clouds,23.76,94
2025-07-15 15:00:47,Clouds,23.76,94
2025-07-15 15:29:41,Clouds,23.76,100
2025-07-15 15:45:49,Clouds,23.76,100
2025-07-15 15:56:06,Clouds,23.76,100
2025-07-15 16:20:19,Clouds,23.78,88
2025-07-15 16:47:09,Clouds,22.76,100
2025-07-15 16:59:29,Clouds,22.76,100
2025-07-15 17:22:36,Clouds,22.93,94
2025-07-15 17:40:36,Clouds,23.76,100
2025-07-15 17:51:28,Clouds,23.76,100
2025-07-15 17:59:11,Clouds,23.76,100
2025-07-15 18:35:41,Clouds,23.76,100
2025-07-15 18:57:00,Clouds,23.76,100
2025-07-15 19:16:15,Clouds,22.79,94
2025-07-15 19:31:42,Clouds,23.76,100
2025-07-15 19:43:32,Rain,23.76,100
2025-07-15 19:51:27,Clouds,23.76,100
2025-07-15 19:59:06,Clouds,23.76,100
2025-07-15 20:26:44,Clouds,23.76,100
2025-07-15 20:43:59,Rain,23.76,100
2025-07-15 20:55:07,Rain,23.76,100
2025-07-15 21:12:31,Mist,22.76,100
2025-07-15 21:31:08,Mist,22.76,100
2025-07-15 21:44:06,Mist,22.76,100
2025-07-15 21:52:07,Mist,22.76,100
2025-07-15 21:59:36,Mist,22.76,100
2025-07-15 22:24:51,Mist,23.76,100
2025-07-15 22:43:16,Mist,23.76,100
2025-07-15 22:53:35,Mist,23.76,100
2025-07-15 23:09:25,Mist,23.76,100
2025-07-15 23:29:22,Clouds,22.76,100
2025-07-15 23:43:27,Clouds,22.76,100
2025-07-15 23:53:09,Clouds,22.76,100
2025-07-16 00:46:33,Clouds,22.76,100
2025-07-16 02:46:31,Rain,22.76,100
2025-07-16 03:50:03,Rain,23.76,94
2025-07-16 04:26:29,Rain,23.55,85
2025-07-16 04:56:42,Rain,23.76,88
2025-07-16 05:23:27,Rain,22.76,100
2025-07-16 05:46:52,Rain,22.76,100
2025-07-16 05:57:17,Rain,22.76,100
2025-07-16 06:28:53,Rain,22.76,100
2025-07-16 06:55:05,Rain,22.76,100
2025-07-16 07:16:23,Rain,22.57,95
2025-07-16 07:36:43,Rain,21.76,100
2025-07-16 07:48:55,Rain,21.76,100
2025-07-16 07:56:57,Rain,21.76,100
2025-07-16 08:25:11,Rain,22.76,100
2025-07-16 08:49:29,Rain,22.76,100
2025-07-16 09:12:42,Rain,22.76,100
2025-07-16 09:40:07,Rain,21.76,100
2025-07-16 09:53:51,Rain,21.76,100
2025-07-16 10:12:16,Rain,21.76,100
2025-07-16 10:41:35,Mist,21.76,100
2025-07-16 10:54:42,Rain,21.76,100
2025-07-16 11:11:42,Rain,21.76,100
2025-07-16 11:29:40,Rain,21.76,100
2025-07-16 11:42:56,Mist,21.76,100
2025-07-16 11:50:51,Rain,21.76,100
2025-07-16 11:58:44,Rain,21.76,100
2025-07-16 12:49:27,Clouds,21.76,100
2025-07-16 13:28:10,Rain,22.76,100
2025-07-16 13:54:59,Rain,22.76,100
2025-07-16 14:13:29,Rain,22.76,100
2025-07-16 14:37:57,Rain,22.76,100
2025-07-16 14:52:33,Mist,22.76,100
2025-07-16 15:00:07,Thunderstorm,22.76,100
2025-07-16 15:29:27,Thunderstorm,22.76,100
2025-07-16 15:46:28,Rain,22.76,100
2025-07-16 15:57:21,Rain,22.76,100
2025-07-16 16:25:02,Rain,22.76,100
2025-07-16 16:50:15,Rain,22.76,100
2025-07-16 17:10:21,Rain,22.76,100
2025-07-16 17:36:04,Rain,22.76,100
2025-07-16 17:50:39,Rain,22.76,100
2025-07-16 17:58:17,Rain,22.76,100
2025-07-16 18:30:59,Rain,22.76,100
2025-07-16 18:55:10,Rain,22.76,100
2025-07-16 19:12:56,Rain,22.76,100
2025-07-16 19:28:53,Rain,22.76,100
2025-07-16 19:40:29,Thunderstorm,22.76,100
2025-07-16 19:48:23,Thunderstorm,22.76,100
2025-07-16 19:56:04,Thunderstorm,22.76,100
2025-07-16 20:18:06,Rain,22.76,100
2025-07-16 20:40:08,Thunderstorm,22.76,100
2025-07-16 20:53:08,Thunderstorm,22.76,100
2025-07-16 21:09:00,Thunderstorm,22.76,100
2025-07-16 21:30:40,Thunderstorm,22.76,100
2025-07-16 21:43:55,Thunderstorm,22.76,100
2025-07-16 21:53:24,Thunderstorm,22.76,100
2025-07-16 22:09:44,Thunderstorm,22.76,100
2025-07-16 22:35:03,Rain,22.76,100
2025-07-16 22:51:04,Thunderstorm,22.76,100
2025-07-16 22:59:01,Thunderstorm,22.76,100
2025-07-16 23:23:07,Thunderstorm,21.76,100
2025-07-16 23:37:58,Rain,22.76,100
2025-07-16 23:48:31,Rain,22.76,100
2025-07-16 23:56:10,Rain,22.76,100
2025-07-17 01:21:05,Thunderstorm,22.76,100
2025-07-17 03:08:36,Mist,23.76,100
2025-07-17 04:03:52,Rain,24.76,94
2025-07-17 04:46:23,Thunderstorm,24.76,100
2025-07-17 05:03:53,Thunderstorm,24.76,100
2025-07-17 05:35:17,Thunderstorm,25.76,94
2025-07-17 05:52:14,Thunderstorm,25.76,94
2025-07-17 05:59:34,Thunderstorm,25.76,94
2025-07-17 06:37:21,Mist,24.76,100
2025-07-17 06:58:19,Mist,24.76,100
2025-07-17 07:23:03,Clouds,24.76,100
2025-07-17 07:39:21,Clouds,24.76,100
2025-07-17 07:49:44,Clouds,24.76,100
2025-07-17 07:57:26,Clouds,24.76,100
2025-07-17 08:26:49,Rain,23.76,100
2025-07-17 08:50:59,Clouds,23.76,100
2025-07-17 09:12:35,Clouds,23.76,100
2025-07-17 09:38:00,Clouds,23.76,100
2025-07-17 09:51:51,Clouds,23.76,100
2025-07-17 09:59:17,Clouds,23.76,100
2025-07-17 10:27:35,Clouds,23.76,100
2025-07-17 10:48:33,Rain,23.76,100
2025-07-17 10:57:51,Rain,23.76,100
2025-07-17 11:18:20,Rain,23.76,100
2025-07-17 11:33:16,Clouds,23.76,100
2025-07-17 11:45:32,Clouds,23.76,100
2025-07-17 11:53:20,Rain,23.76,100
2025-07-17 12:18:52,Rain,22.76,100
2025-07-17 13:06:18,Rain,22.76,100
2025-07-17 13:48:24,Rain,22.76,100
2025-07-17 13:59:11,Clouds,22.76,100
2025-07-17 14:22:01,Rain,23.93,96
2025-07-17 14:43:09,Rain,22.76,100
2025-07-17 14:55:06,Rain,22.76,100
2025-07-17 15:14:56,Rain,23.8,99
2025-07-17 15:38:20,Rain,22.76,100
2025-07-17 15:52:20,Clouds,22.76,100
2025-07-17 15:59:50,Clouds,22.76,100
2025-07-17 16:32:53,Clouds,22.76,100
2025-07-17 16:53:43,Clouds,22.76,100
2025-07-17 17:11:23,Clouds,22.76,100
2025-07-17 17:34:27,Clouds,22.76,100
2025-07-17 17:48:46,Clouds,22.76,100
2025-07-17 17:56:33,Clouds,22.76,100
2025-07-17 18:25:07,Clouds,22.76,100
2025-07-17 18:51:55,Clouds,22.76,100
2025-07-17 19:08:37,Clouds,22.76,100
2025-07-17 19:27:23,Clouds,22.76,100
2025-07-17 19:39:07,Clouds,22.76,100
2025-07-17 19:47:32,Clouds,22.76,100
2025-07-17 19:55:16,Clouds,22.76,100
2025-07-17 20:15:55,Clouds,22.78,100
2025-07-17 20:38:07,Mist,22.76,100
2025-07-17 20:51:40,Mist,22.76,100
2025-07-17 20:59:10,Mist,22.76,100
2025-07-17 21:22:42,Clouds,22.76,100
2025-07-17 21:37:53,Clouds,22.76,100
2025-07-17 21:47:54,Clouds,22.76,100
2025-07-17 21:55:36,Clouds,22.76,100
2025-07-17 22:14:48,Clouds,22.57,100
2025-07-17 22:38:28,Clouds,22.76,100
2025-07-17 22:51:33,Clouds,22.76,100
2025-07-17 22:58:59,Mist,22.76,100
2025-07-17 23:23:27,Mist,22.78,100
2025-07-17 23:38:37,Rain,22.76,100
2025-07-17 23:48:57,Rain,22.76,100
2025-07-17 23:56:36,Rain,22.76,100
2025-07-18 01:24:52,Rain,22.76,100
2025-07-18 03:13:26,Clouds,23.76,100
2025-07-18 04:07:52,Clouds,24.76,94
2025-07-18 04:50:57,Clouds,24.76,100
2025-07-18 05:15:38,Clouds,25.04,90
2025-07-18 05:44:50,Clouds,26.76,89
2025-07-18 05:56:50,Clouds,26.76,89
2025-07-18 06:27:32,Clouds,26.76,94
2025-07-18 06:56:01,Clouds,26.76,94
2025-07-18 07:19:06,Clouds,26.24,84
2025-07-18 07:38:49,Clouds,26.76,94
2025-07-18 07:52:18,Clouds,26.76,94
2025-07-18 08:00:00,Clouds,26.76,94
2025-07-18 08:35:04,Clouds,27.76,89
2025-07-18 08:56:25,Clouds,27.76,89
2025-07-18 09:20:46,Clouds,25.86,86
2025-07-18 09:42:41,Clouds,28.76,79
2025-07-18 09:54:36,Clouds,28.76,79
2025-07-18 10:13:52,Clouds,28.76,79
2025-07-18 10:41:47,Clouds,24.76,100
2025-07-18 10:55:26,Clouds,24.76,100
2025-07-18 11:12:47,Clouds,24.15,94
2025-07-18 11:29:17,Clouds,24.76,100
2025-07-18 11:43:33,Clouds,24.76,100
2025-07-18 11:52:54,Clouds,24.76,100
2025-07-18 12:16:54,Clouds,23.91,95
2025-07-18 13:06:03,Rain,24.76,100
2025-07-18 13:47:05,Clouds,23.76,100
2025-07-18 13:59:42,Clouds,23.76,100
2025-07-18 14:25:03,Clouds,23.76,100
2025-07-18 14:44:27,Clouds,23.76,100
2025-07-18 14:56:31,Clouds,23.76,100
2025-07-18 15:17:30,Clouds,23.95,98
2025-07-18 15:38:28,Clouds,24.76,100
2025-07-18 16:14:12,Rain,24.76,100
2025-07-18 16:44:54,Thunderstorm,23.76,100
2025-07-18 17:01:22,Thunderstorm,23.76,100
2025-07-18 17:27:38,Rain,23.62,98
2025-07-18 17:45:28,Thunderstorm,23.76,100
2025-07-18 17:56:43,Thunderstorm,23.76,100
2025-07-18 18:23:57,Thunderstorm,20.76,100
2025-07-18 18:49:52,Thunderstorm,20.76,100
2025-07-18 19:01:12,Thunderstorm,20.76,100
2025-07-18 19:23:14,Rain,20.76,100
2025-07-18 19:34:20,Rain,20.76,100
2025-07-18 19:43:52,Rain,20.76,100
2025-07-18 19:53:16,Rain,20.76,100
2025-07-18 20:10:46,Rain,20.76,100
2025-07-18 20:48:19,Rain,21.76,100
2025-07-18 20:56:38,Rain,21.76,100
2025-07-18 21:16:55,Rain,21.76,100
2025-07-18 21:33:51,Rain,21.76,100
2025-07-18 21:45:40,Rain,21.76,100
2025-07-18 21:53:11,Clouds,21.76,100
2025-07-18 22:50:08,Mist,21.76,100
2025-07-18 22:57:42,Rain,21.76,100
2025-07-18 23:35:08,Rain,21.76,100
2025-07-18 23:46:26,Mist,21.76,100
2025-07-18 23:54:13,Mist,21.76,100
2025-07-19 00:57:41,Rain,22.76,100
2025-07-19 03:45:03,Clouds,23.76,100
2025-07-19 04:18:27,Rain,25.79,96
2025-07-19 04:46:59,Mist,24.76,100
2025-07-19 05:01:23,Mist,24.76,100
2025-07-19 05:29:14,Clouds,26.77,96
2025-07-19 05:46:31,Clouds,25.76,100
2025-07-19 05:55:07,Clouds,25.76,100
2025-07-19 06:19:20,Clouds,27.43,93
2025-07-19 06:47:03,Rain,25.76,100
2025-07-19 06:59:00,Rain,25.76,100
2025-07-19 07:21:15,Clouds,27.18,93
2025-07-19 07:34:40,Clouds,26.76,100
2025-07-19 07:44:33,Clouds,26.76,100
2025-07-19 07:52:23,Clouds,26.76,100
2025-07-19 08:00:06,Clouds,26.76,100
2025-07-19 08:32:08,Clouds,25.76,100
2025-07-19 08:50:53,Clouds,25.76,100
2025-07-19 08:59:21,Clouds,25.76,100
2025-07-19 09:23:57,Rain,25.76,100
2025-07-19 09:38:26,Clouds,25.76,100
2025-07-19 09:47:59,Rain,25.76,100
2025-07-19 09:55:30,Clouds,25.76,100
2025-07-19 10:14:35,Clouds,26.56,93
2025-07-19 10:39:43,Clouds,24.76,100
2025-07-19 10:52:11,Clouds,24.76,100
2025-07-19 10:59:59,Clouds,24.76,100
2025-07-19 11:20:55,Clouds,25.97,95
2025-07-19 11:31:54,Clouds,24.76,100
2025-07-19 11:42:25,Rain,24.76,100
2025-07-19 11:50:14,Rain,24.76,100
2025-07-19 11:58:04,Clouds,24.76,100
2025-07-19 12:39:49,Rain,24.76,100
2025-07-19 13:16:49,Rain,24.76,100
2025-07-19 13:42:27,Clouds,24.76,100
2025-07-19 13:54:26,Clouds,24.76,100
2025-07-19 14:10:31,Rain,24.76,100
2025-07-19 14:32:29,Rain,24.76,100
2025-07-19 14:46:13,Clouds,24.76,100
2025-07-19 14:53:55,Rain,24.76,100
2025-07-19 15:10:12,Rain,24.76,100
2025-07-19 15:31:18,Rain,24.76,100
2025-07-19 15:44:28,Rain,24.76,100
2025-07-19 15:55:03,Rain,24.76,100
2025-07-19 16:16:12,Rain,24.76,100
2025-07-19 16:42:50,Rain,24.76,100
2025-07-19 16:56:14,Rain,24.76,100
2025-07-19 17:15:18,Rain,24.98,97
2025-07-19 17:35:34,Rain,25.76,100
2025-07-19 17:47:48,Rain,25.76,100
2025-07-19 17:55:50,Rain,25.76,100
2025-07-19 18:18:31,Rain,25.76,100
2025-07-19 18:45:30,Rain,25.76,100
2025-07-19 18:57:52,Rain,25.76,100
2025-07-19 19:15:33,Rain,25.76,100
2025-07-19 19:27:21,Rain,24.76,100
2025-07-19 19:37:43,Rain,24.76,100
2025-07-19 19:45:05,Clouds,24.76,100
2025-07-19 19:53:00,Rain,24.76,100
2025-07-19 20:08:56,Rain,24.76,100
2025-07-19 20:46:20,Mist,25.76,100
2025-07-19 20:55:57,Mist,25.76,100
2025-07-19 21:13:40,Mist,25.76,100
2025-07-19 21:31:05,Clouds,24.76,100
2025-07-19 21:43:31,Clouds,24.76,100
2025-07-19 21:51:33,Clouds,24.76,100
2025-07-19 21:58:55,Clouds,24.76,100
2025-07-19 22:21:37,Clouds,24.37,97
2025-07-19 22:40:29,Clouds,24.76,100
2025-07-19 22:51:42,Clouds,24.76,100
2025-07-19 22:59:14,Clouds,24.76,100
2025-07-19 23:25:26,Rain,25.76,100
2025-07-19 23:42:57,Rain,25.76,100
2025-07-19 23:52:54,Clouds,25.76,100
2025-07-20 00:51:12,Clouds,26.76,100
2025-07-20 02:57:50,Clouds,29.76,79
2025-07-20 04:04:28,Clouds,29.76,79
2025-07-20 04:49:52,Clouds,30.76,74
2025-07-20 05:14:16,Clouds,30.4,66
2025-07-20 05:42:11,Clouds,30.76,66
2025-07-20 05:54:03,Clouds,30.76,66
2025-07-20 06:15:51,Clouds,30.76,66
2025-07-20 06:45:37,Clouds,30.76,70
2025-07-20 06:58:23,Clouds,30.76,70
2025-07-20 07:19:32,Clouds,31.76,66
2025-07-20 07:33:22,Clouds,31.76,66
2025-07-20 07:44:08,Clouds,31.76,66
2025-07-20 07:52:57,Clouds,31.76,66
2025-07-20 08:11:08,Clear,30.93,65
2025-07-20 08:37:19,Clouds,29.76,74
2025-07-20 08:53:46,Clouds,29.76,74
2025-07-20 09:10:16,Clouds,29.76,74
2025-07-20 09:31:43,Clouds,30.76,66
2025-07-20 09:44:43,Clouds,30.76,66
2025-07-20 09:52:28,Clouds,30.76,66
2025-07-20 10:00:18,Clouds,30.76,66
2025-07-20 10:28:38,Clouds,29.76,74
2025-07-20 10:46:57,Clouds,29.76,74
2025-07-20 10:55:43,Clouds,29.76,74
2025-07-20 11:12:16,Clouds,28.39,79
2025-07-20 11:27:36,Clouds,28.39,79
2025-07-20 11:38:37,Clouds,27.76,89
2025-07-20 11:46:24,Clouds,27.76,89
2025-07-20 11:54:01,Clouds,27.76,89
2025-07-20 12:20:09,Clouds,27.35,82
2025-07-20 13:02:55,Clouds,26.76,100
2025-07-20 13:37:19,Clouds,26.76,100
2025-07-20 13:51:11,Clouds,26.76,100
2025-07-20 13:58:52,Clouds,26.76,100
2025-07-20 14:20:08,Clouds,26.46,91
2025-07-20 14:38:50,Clouds,25.76,100
2025-07-20 14:49:15,Clouds,25.76,100
2025-07-20 14:56:55,Clouds,25.76,100
2025-07-20 15:17:30,Clouds,26.27,94
2025-07-20 15:35:12,Clouds,25.76,100
2025-07-20 15:46:32,Clouds,25.76,100
2025-07-20 15:55:22,Clouds,25.76,100
2025-07-20 16:16:01,Clouds,26.16,94
2025-07-20 16:41:49,Clouds,24.76,100
2025-07-20 16:55:31,Clouds,24.76,100
2025-07-20 17:11:44,Clouds,24.76,100
2025-07-20 17:32:11,Clouds,24.76,100
2025-07-20 17:46:36,Clouds,24.76,100
2025-07-20 17:54:31,Clouds,24.76,100
2025-07-20 18:15:21,Clouds,25.68,92
2025-07-20 18:57:13,Clear,23.76,100
2025-07-20 19:13:58,Clear,23.76,100
2025-07-20 19:27:20,Clear,23.76,100
2025-07-20 19:37:39,Clear,23.76,100
2025-07-20 19:44:57,Clear,23.76,100
2025-07-20 19:52:56,Clear,23.76,100
2025-07-20 20:32:47,Clouds,24.76,100
2025-07-20 20:46:26,Clouds,24.76,100
2025-07-20 20:55:02,Clouds,24.76,100
2025-07-20 21:12:05,Clouds,24.76,100
2025-07-20 21:42:42,Clouds,24.76,100
2025-07-20 21:50:36,Clouds,24.76,100
2025-07-20 21:58:19,Clouds,24.76,100
2025-07-20 22:20:18,Clouds,26.03,98
2025-07-20 22:40:17,Clouds,25.76,100
2025-07-20 22:51:30,Clouds,25.76,100
2025-07-20 22:59:02,Clouds,25.76,100
2025-07-20 23:23:53,Clouds,25.78,94
2025-07-20 23:39:02,Clouds,26.76,100
2025-07-20 23:49:13,Clouds,26.76,100
2025-07-20 23:57:02,Clouds,26.76,100
2025-07-21 01:42:19,Clouds,28.76,89
2025-07-21 03:26:15,Clouds,29.76,79
2025-07-21 04:27:22,Clouds,29.76,79
2025-07-21 05:00:34,Clouds,29.76,79
2025-07-21 05:34:16,Clouds,31.76,70
2025-07-21 05:53:03,Clouds,31.76,70
2025-07-21 06:15:21,Clouds,31.76,70
2025-07-21 06:49:46,Clouds,31.76,70
2025-07-21 07:15:30,Clouds,31.76,70
2025-07-21 07:42:30,Clouds,30.76,70
2025-07-21 07:54:59,Clouds,30.76,70
2025-07-21 08:21:33,Clouds,30.89,67
2025-07-21 08:50:20,Clouds,30.76,79
2025-07-21 09:15:38,Clouds,30.98,69
2025-07-21 09:44:18,Clouds,29.76,84
2025-07-21 09:56:40,Clouds,29.76,84
2025-07-21 10:20:16,Clouds,30.51,74
2025-07-21 10:45:44,Clouds,28.76,94
2025-07-21 10:58:25,Clouds,28.73,77
2025-07-21 11:19:25,Clouds,28.64,80
2025-07-21 11:34:27,Clouds,27.76,100
2025-07-21 11:48:03,Clouds,27.76,100
2025-07-21 11:55:38,Clouds,27.76,100
2025-07-21 12:32:24,Clouds,27.76,100
2025-07-21 13:21:52,Clouds,26.76,100
2025-07-21 13:52:48,Clouds,26.76,100
2025-07-21 14:11:19,Clouds,26.38,92
2025-07-21 14:40:38,Clouds,26.76,100
2025-07-21 14:55:32,Clouds,26.76,100
2025-07-21 15:15:51,Clouds,26.76,100
2025-07-21 15:39:50,Clouds,26.76,100
2025-07-21 15:53:17,Clouds,26.76,100
2025-07-21 16:11:25,Clouds,26.76,100
2025-07-21 16:43:50,Clouds,26.76,100
2025-07-21 16:59:50,Clouds,26.76,100
2025-07-21 17:25:29,Clouds,26.76,100
2025-07-21 17:44:23,Clouds,26.76,100
2025-07-21 17:54:30,Clouds,26.76,100
2025-07-21 18:18:38,Clouds,26.76,100
2025-07-21 18:48:44,Clouds,26.76,100
2025-07-21 19:01:48,Clouds,26.76,100
2025-07-21 19:24:56,Clouds,24.73,94
2025-07-21 19:37:21,Clouds,24.91,91
2025-07-21 19:45:50,Clouds,24.91,91
2025-07-21 19:53:36,Clouds,24.91,91
2025-07-21 20:11:34,Clouds,24.76,87
2025-07-21 20:35:23,Clouds,24.76,87
2025-07-21 20:50:02,Clouds,24.74,87
2025-07-21 20:58:11,Clouds,24.74,87
2025-07-21 21:20:26,Clouds,24.93,96
2025-07-21 21:37:18,Clouds,26.76,100
2025-07-21 21:47:54,Clouds,26.76,100
2025-07-21 21:55:26,Clouds,26.76,100
2025-07-21 22:14:54,Clouds,26.76,100
2025-07-21 22:39:03,Clouds,26.76,100
2025-07-21 22:51:38,Clouds,26.76,100
2025-07-21 22:59:24,Clouds,26.76,100
2025-07-21 23:24:10,Clouds,26.14,92
2025-07-21 23:39:12,Clouds,28.76,94
2025-07-21 23:49:34,Clouds,28.76,94
2025-07-21 23:57:17,Clouds,28.76,94
2025-07-22 01:41:28,Clouds,29.76,84
2025-07-22 03:20:25,Clouds,30.76,66
2025-07-22 04:09:28,Clouds,30.76,66
2025-07-22 04:49:45,Clouds,31.76,62
2025-07-22 05:14:13,Clouds,31.78,58
2025-07-22 05:42:37,Clouds,31.76,62
2025-07-22 05:55:05,Clouds,31.76,62
2025-07-22 06:21:01,Clouds,32.17,55
2025-07-22 06:50:58,Clouds,30.76,79
2025-07-22 07:12:35,Clouds,32.1,63
2025-07-22 07:34:38,Clouds,30.76,79
2025-07-22 07:47:08,Clouds,30.76,79
2025-07-22 07:55:16,Clouds,30.76,79
2025-07-22 08:20:50,Clouds,31.74,65
2025-07-22 08:47:22,Clouds,30.76,74
2025-07-22 09:02:24,Clouds,30.76,74
2025-07-22 09:34:36,Clouds,29.76,74
2025-07-22 09:51:06,Clouds,29.76,74
2025-07-22 09:58:36,Clouds,29.76,74
2025-07-22 10:26:14,Clouds,29.93,69
2025-07-22 10:48:00,Clouds,28.76,89
2025-07-22 10:58:01,Clouds,28.76,89
2025-07-22 11:18:07,Clouds,28.77,78
2025-07-22 11:32:43,Clouds,26.76,100
2025-07-22 11:45:17,Clouds,26.76,100
2025-07-22 11:52:56,Clouds,26.76,100
2025-07-22 12:17:12,Clouds,26.76,100
2025-07-22 13:06:45,Clouds,26.76,100
2025-07-22 13:47:54,Clear,25.76,100
2025-07-22 14:01:05,Clear,25.76,100
2025-07-22 14:28:52,Clear,25.76,100
2025-07-22 14:48:20,Clear,25.76,100
2025-07-22 14:57:38,Clear,25.76,100
2025-07-22 15:22:21,Clouds,26.54,92
2025-07-22 15:41:50,Clear,25.76,100
2025-07-22 15:54:34,Clear,25.76,100
2025-07-22 16:16:04,Clouds,25.91,95
2025-07-22 16:46:20,Clouds,26.14,90
2025-07-22 17:01:19,Clouds,26.67,80
2025-07-22 17:28:23,Clouds,26.67,80
2025-07-22 17:46:37,Clear,24.76,100
2025-07-22 17:55:39,Clear,24.76,100
2025-07-22 18:21:46,Clouds,26.02,90
2025-07-22 18:50:08,Clouds,24.76,100
2025-07-22 19:07:04,Clouds,24.76,100
2025-07-22 19:26:43,Clouds,24.76,100
2025-07-22 19:37:06,Clouds,24.76,100
2025-07-22 19:44:56,Clouds,24.76,100
2025-07-22 19:52:49,Clouds,24.76,100
2025-07-22 20:00:44,Clouds,24.76,100
2025-07-22 20:31:30,Clouds,23.76,100
2025-07-22 20:47:39,Clouds,23.76,100
2025-07-22 20:57:02,Clouds,23.76,100
2025-07-22 21:17:53,Clouds,23.76,100
2025-07-22 21:35:21,Clouds,23.76,100
2025-07-22 21:47:15,Clouds,23.76,100
2025-07-22 21:55:02,Clouds,23.76,100
2025-07-22 22:13:19,Clouds,23.76,100
2025-07-22 22:35:29,Clear,25.76,100
2025-07-22 22:50:25,Clear,25.76,100
2025-07-22 22:57:57,Clear,25.76,100
2025-07-22 23:20:10,Clouds,27.76,83
2025-07-22 23:37:15,Clouds,27.76,83
2025-07-22 23:48:47,Clouds,27.76,83
2025-07-22 23:56:35,Clouds,27.76,83
2025-07-23 01:26:03,Clouds,30.76,62
2025-07-23 03:15:47,Clouds,31.62,62
2025-07-23 04:09:58,Clouds,31.76,62
2025-07-23 04:51:53,Clouds,32.76,58
2025-07-23 05:17:25,Clouds,33.01,56
2025-07-23 05:46:51,Clouds,33.76,55
2025-07-23 05:58:27,Clouds,33.76,55
2025-07-23 06:34:10,Clear,32.76,58
2025-07-23 06:58:06,Clear,32.76,58
2025-07-23 07:24:09,Clouds,32.76,58
2025-07-23 07:42:19,Clouds,32.76,58
2025-07-23 07:52:48,Clouds,32.76,58
2025-07-23 08:00:44,Clouds,32.76,58
2025-07-23 08:38:52,Clouds,31.76,58
2025-07-23 08:58:46,Clouds,31.76,58
2025-07-23 09:29:47,Clear,30.76,62
2025-07-23 09:49:59,Clear,30.76,62
2025-07-23 09:58:31,Clear,30.76,62
2025-07-23 10:25:36,Clear,29.76,70
2025-07-23 10:47:22,Clear,29.76,70
2025-07-23 10:57:56,Clear,29.76,70
2025-07-23 11:18:45,Clear,27.76,83
2025-07-23 11:34:02,Clear,27.76,83
2025-07-23 11:45:54,Clear,27.76,83
2025-07-23 11:54:56,Clear,27.76,83
2025-07-23 12:27:40,Clear,26.76,89
2025-07-23 13:12:24,Clear,26.76,89
2025-07-23 13:49:08,Clear,25.76,94
2025-07-23 14:00:23,Clear,25.76,94
2025-07-23 14:29:14,Clear,25.76,100
2025-07-23 14:50:00,Clear,25.76,100
2025-07-23 15:00:35,Clear,25.76,100
2025-07-23 15:31:15,Clear,25.76,100
2025-07-23 15:49:17,Clear,25.76,100
2025-07-23 15:59:19,Clear,25.76,100
2025-07-23 16:32:23,Clear,24.76,100
2025-07-23 16:56:05,Clear,24.76,100
2025-07-23 17:17:48,Clear,24.76,100
2025-07-23 17:41:20,Clear,24.76,100
2025-07-23 17:53:24,Clear,24.76,100
2025-07-23 18:14:16,Clouds,25.26,87
2025-07-23 18:46:59,Clear,24.76,100
2025-07-23 19:01:01,Clear,24.76,100
2025-07-23 19:24:05,Clear,24.76,100
2025-07-23 19:36:30,Clear,24.76,100
2025-07-23 19:46:12,Clear,24.76,100
2025-07-23 19:53:56,Clear,24.76,100
2025-07-23 20:12:27,Clear,24.76,100
2025-07-23 20:35:34,Clear,23.76,100
2025-07-23 20:50:40,Clear,23.76,100
2025-07-23 20:58:47,Clear,23.76,100
2025-07-23 21:22:59,Clear,24.76,100
2025-07-23 21:38:36,Clear,24.76,100
2025-07-23 21:49:18,Clear,24.76,100
2025-07-23 21:56:59,Clear,24.76,100
2025-07-23 22:18:26,Clear,24.76,100
2025-07-23 22:40:52,Clear,24.76,100
2025-07-23 22:52:56,Clear,24.76,100
2025-07-23 23:08:59,Clear,24.76,100
2025-07-23 23:30:47,Clear,28.76,84
2025-07-23 23:44:50,Clear,28.76,84
2025-07-23 23:53:34,Clear,28.76,84
2025-07-24 00:53:06,Clear,29.76,70
2025-07-24 02:50:44,Clear,31.76,62
2025-07-24 03:53:12,Clear,32.76,58
2025-07-24 04:29:48,Clear,33.76,59
2025-07-24 04:59:52,Clear,33.76,59
2025-07-24 05:30:24,Clear,33.76,55
2025-07-24 05:50:38,Clear,33.76,55
2025-07-24 05:58:47,Clear,33.76,55
2025-07-24 06:35:38,Clear,32.76,62
2025-07-24 06:58:22,Clear,32.76,62
2025-07-24 07:24:07,Clear,32.76,62
2025-07-24 07:41:07,Clear,32.76,62
2025-07-24 07:51:36,Clear,32.76,62
2025-07-24 07:59:10,Clear,32.76,62
2025-07-24 08:33:25,Clear,32.76,62
2025-07-24 08:56:15,Clear,32.76,62
2025-07-24 09:21:12,Clear,32.33,57
2025-07-24 09:42:59,Clear,31.76,66
2025-07-24 09:54:42,Clear,31.76,66
2025-07-24 10:14:26,Clear,30.96,63
2025-07-24 10:42:56,Clear,29.76,74
2025-07-24 10:55:57,Clear,29.76,74
2025-07-24 11:14:43,Clear,29.07,71
2025-07-24 11:31:42,Clear,27.76,89
2025-07-24 11:45:00,Clear,27.76,89
2025-07-24 11:52:35,Clear,27.76,89
2025-07-24 12:00:22,Clear,27.76,89
2025-07-24 12:57:29,Clear,26.76,94
2025-07-24 13:37:22,Clear,26.76,94
2025-07-24 13:58:21,Clear,26.76,94
2025-07-24 14:23:08,Clear,26.66,84
2025-07-24 14:45:25,Clear,25.76,100
2025-07-24 14:57:38,Clear,25.76,100
2025-07-24 15:19:52,Clear,25.76,100
2025-07-24 15:39:16,Clear,25.76,100
2025-07-24 15:51:50,Clear,25.76,100
2025-07-24 15:59:27,Clear,25.76,100
2025-07-24 16:30:01,Clear,24.76,100
2025-07-24 16:52:21,Clear,24.76,100
2025-07-24 17:09:38,Clear,25.15,94
2025-07-24 17:34:36,Clear,24.76,100
2025-07-24 17:49:24,Clear,24.76,100
2025-07-24 17:56:57,Clear,24.76,100
2025-07-24 18:27:18,Clear,25.04,86
2025-07-24 18:53:29,Clear,24.76,100
2025-07-24 19:10:24,Clear,24.76,100
2025-07-24 19:28:28,Clear,23.76,100
2025-07-24 19:40:18,Clear,23.76,100
2025-07-24 19:48:46,Clear,23.76,100
2025-07-24 19:56:31,Clear,23.76,100
2025-07-24 20:17:52,Clear,24.47,94
2025-07-24 20:38:50,Clear,23.76,100
2025-07-24 20:51:49,Clear,23.76,100
2025-07-24 20:59:43,Clear,23.76,100
2025-07-24 21:24:50,Clear,23.76,100
2025-07-24 21:39:00,Clear,23.76,100
2025-07-24 21:47:22,Clear,23.76,100
2025-07-24 21:55:07,Clear,23.76,100
2025-07-24 22:14:12,Clear,25.34,92
2025-07-24 22:38:23,Clear,25.76,100
2025-07-24 22:51:51,Clear,25.76,100
2025-07-24 22:59:20,Clear,25.76,100
2025-07-24 23:24:22,Clear,28.76,84
2025-07-24 23:39:05,Clear,28.76,84
2025-07-24 23:49:20,Clear,28.76,84
2025-07-24 23:57:06,Clear,28.76,84
2025-07-25 01:39:20,Clear,32.76,62
2025-07-25 03:20:21,Clouds,33.76,55
2025-07-25 04:09:31,Clouds,33.76,55
2025-07-25 04:50:39,Clouds,34.76,52
2025-07-25 05:16:40,Clouds,34.76,52
2025-07-25 05:46:29,Clouds,34.76,52
2025-07-25 05:58:04,Clouds,34.76,52
2025-07-25 06:32:53,Clouds,34.76,49
2025-07-25 06:58:06,Clouds,34.76,49
2025-07-25 07:23:30,Clouds,34.76,52
2025-07-25 07:40:34,Clouds,34.76,52
2025-07-25 07:50:30,Clouds,34.76,52
2025-07-25 07:58:08,Clouds,34.76,52
2025-07-25 08:29:11,Clouds,33.76,55
2025-07-25 08:52:30,Clouds,33.76,55
2025-07-25 09:12:46,Clouds,33.76,55
2025-07-25 09:40:06,Clear,32.76,58
2025-07-25 09:53:57,Clear,32.76,58
2025-07-25 10:12:40,Clear,31.76,66
2025-07-25 10:42:15,Clear,31.76,66
2025-07-25 10:55:28,Clear,31.76,66
2025-07-25 11:13:27,Clear,31.76,66
2025-07-25 11:30:51,Clear,29.76,79
2025-07-25 11:44:13,Clear,29.76,79
2025-07-25 11:51:53,Clear,29.76,79
2025-07-25 11:59:18,Clear,29.76,79
2025-07-25 12:51:25,Clear,28.76,89
2025-07-25 13:27:59,Clear,28.76,94
2025-07-25 13:53:39,Clear,28.76,94
2025-07-25 14:10:58,Clear,28.76,94
2025-07-25 14:35:31,Clear,27.76,100
2025-07-25 14:51:16,Clear,27.76,100
2025-07-25 14:58:48,Clear,27.76,100
2025-07-25 15:25:26,Clear,26.76,100
2025-07-25 15:42:43,Clear,26.76,100
2025-07-25 15:53:58,Clear,26.76,100
2025-07-25 16:13:43,Clouds,26.36,86
2025-07-25 16:44:01,Clear,26.76,100
2025-07-25 16:59:05,Clear,26.76,100
2025-07-25 17:23:29,Clouds,26.42,87
2025-07-25 17:42:21,Clear,26.76,100
2025-07-25 17:51:53,Clear,26.76,100
2025-07-25 17:59:32,Clear,26.76,100
2025-07-25 18:36:32,Clear,26.76,100
2025-07-25 18:56:51,Clear,26.76,100
2025-07-25 19:15:47,Clear,25.69,89
2025-07-25 19:30:12,Clear,25.76,100
2025-07-25 19:42:16,Clear,25.76,100
2025-07-25 19:51:12,Clear,25.76,100
2025-07-25 19:58:45,Clear,25.76,100
2025-07-25 20:25:52,Clear,25.54,89
2025-07-25 20:42:51,Clear,25.76,94
2025-07-25 20:54:19,Clear,25.76,94
2025-07-25 21:11:07,Clouds,25.27,90
2025-07-25 21:31:20,Clear,25.76,100
2025-07-25 21:44:32,Clear,25.76,100
2025-07-25 21:52:29,Clear,25.76,100
2025-07-25 22:00:15,Clear,25.76,100
2025-07-25 22:25:58,Clear,28.76,89
2025-07-25 22:44:43,Clear,28.76,89
2025-07-25 22:55:06,Clear,28.76,89
2025-07-25 23:13:46,Clear,28.76,89
2025-07-25 23:32:05,Clear,30.76,74
2025-07-25 23:45:35,Clear,30.76,74
2025-07-25 23:53:28,Clear,30.76,74
2025-07-26 00:49:53,Clear,31.76,66
2025-07-26 02:43:47,Clear,34.76,55
2025-07-26 03:48:19,Clear,33.76,55
2025-07-26 04:23:16,Clear,34.76,55
2025-07-26 04:53:36,Clear,34.76,55
2025-07-26 05:14:54,Clouds,34.99,52
2025-07-26 05:41:07,Clear,35.76,52
2025-07-26 05:53:07,Clear,35.76,52
2025-07-26 06:12:38,Clouds,35.78,41
2025-07-26 06:45:08,Clear,36.76,47
2025-07-26 06:59:44,Clear,36.76,47
2025-07-26 07:23:53,Clear,36.76,47
2025-07-26 07:37:39,Clear,36.76,47
2025-07-26 07:46:22,Clear,36.76,47
2025-07-26 07:54:03,Clear,36.76,47
2025-07-26 08:13:58,Clouds,35.04,47
2025-07-26 08:40:50,Clear,35.76,56
2025-07-26 08:55:34,Clear,35.76,56
2025-07-26 09:14:32,Clear,35.76,56
2025-07-26 09:33:34,Clear,33.76,62
2025-07-26 09:45:39,Clear,33.76,62
2025-07-26 09:53:16,Clear,33.76,62
2025-07-26 10:09:19,Clear,33.76,62
2025-07-26 10:35:43,Clear,32.76,70
2025-07-26 10:49:34,Clear,32.76,70
2025-07-26 10:56:57,Clear,32.76,70
2025-07-26 11:15:11,Clouds,31.04,66
2025-07-26 11:29:48,Clear,30.76,79
2025-07-26 11:41:25,Clear,30.76,79
2025-07-26 11:49:10,Clear,30.76,79
2025-07-26 11:57:06,Clear,30.76,79
2025-07-26 12:35:50,Clear,29.76,84
2025-07-26 13:15:43,Clear,28.58,78
2025-07-26 13:44:14,Clear,28.76,94
2025-07-26 13:54:43,Clear,28.76,94
2025-07-26 14:11:52,Clear,28.76,94
2025-07-26 14:33:51,Clear,28.76,94
2025-07-26 14:47:31,Clear,28.76,94
2025-07-26 14:55:27,Clear,28.76,94
2025-07-26 15:13:44,Clear,27.24,84
2025-07-26 15:34:12,Clear,28.76,94
2025-07-26 15:47:58,Clear,28.76,94
2025-07-26 15:57:34,Clear,28.76,94
2025-07-26 16:23:04,Clear,27,85
2025-07-26 16:45:38,Clear,27.76,100
2025-07-26 16:58:08,Clear,27.76,100
2025-07-26 17:19:57,Clear,26.74,89
2025-07-26 17:39:38,Clear,26.76,100
2025-07-26 17:50:25,Clear,26.76,100
2025-07-26 17:58:16,Clear,26.76,100
2025-07-26 18:29:29,Clear,26.76,100
2025-07-26 18:52:27,Clear,26.76,100
2025-07-26 19:02:22,Clear,26.76,100
2025-07-26 19:22:06,Clear,26.22,89
2025-07-26 19:30:55,Clear,25.76,100
2025-07-26 19:41:14,Clear,25.76,100
2025-07-26 19:49:06,Clear,25.76,100
2025-07-26 19:56:55,Clear,25.76,100
2025-07-26 20:18:42,Clear,25.76,100
2025-07-26 20:37:17,Clear,25.76,100
2025-07-26 20:49:06,Clear,25.76,100
2025-07-26 20:56:49,Clear,25.76,100
2025-07-26 21:15:59,Clear,25.76,100
2025-07-26 21:32:17,Clear,25.76,100
2025-07-26 21:45:05,Clear,25.76,100
2025-07-26 21:53:25,Clear,25.76,100
2025-07-26 22:09:03,Clear,25.76,100
2025-07-26 22:33:41,Clear,29.76,74
2025-07-26 22:48:10,Clear,29.76,74
2025-07-26 22:55:37,Clear,29.76,74
2025-07-26 23:14:10,Clear,29.37,77
2025-07-26 23:32:01,Clear,31.76,66
2025-07-26 23:45:36,Clear,31.76,66
2025-07-26 23:53:28,Clear,31.76,66
2025-07-27 00:57:20,Clear,32.76,55
2025-07-27 03:06:17,Clear,34.76,52
2025-07-27 04:12:18,Clear,35.76,49
2025-07-27 04:54:15,Clouds,35.76,46
2025-07-27 05:18:36,Clear,35.25,45
2025-07-27 05:44:26,Clouds,36.76,44
2025-07-27 05:55:43,Clouds,36.76,44
2025-07-27 06:22:14,Clear,35.6,40
2025-07-27 06:49:13,Clear,35.76,56
2025-07-27 07:00:50,Clear,35.76,56
2025-07-27 07:25:52,Clouds,35.76,63
2025-07-27 07:38:20,Clouds,35.76,63
2025-07-27 07:47:40,Clouds,35.76,63
2025-07-27 07:55:03,Clouds,35.76,63
2025-07-27 08:16:56,Clear,35.55,50
2025-07-27 08:42:21,Clouds,34.76,63
2025-07-27 08:55:52,Clouds,34.76,63
2025-07-27 09:15:35,Clear,34.01,53
2025-07-27 09:35:10,Clouds,33.76,70
2025-07-27 09:48:32,Clouds,33.76,70
2025-07-27 09:56:21,Clouds,33.76,70
2025-07-27 10:16:40,Clear,32.58,58
2025-07-27 10:41:09,Clouds,31.76,79
2025-07-27 10:53:04,Clouds,31.76,79
2025-07-27 11:07:06,Clouds,31.76,79
2025-07-27 11:25:19,Clear,29.76,89
2025-07-27 11:36:37,Clear,29.76,89
2025-07-27 11:45:01,Clear,29.76,89
2025-07-27 11:52:56,Clear,29.76,89
2025-07-27 12:14:55,Clear,29.65,68
2025-07-27 13:00:43,Clear,28.76,94
2025-07-27 13:36:05,Clear,27.76,94
2025-07-27 13:50:13,Clear,27.76,94
2025-07-27 13:57:57,Clear,27.76,94
2025-07-27 14:17:58,Clear,28.22,83
2025-07-27 14:37:47,Clear,27.76,94
2025-07-27 14:48:57,Clear,27.76,94
2025-07-27 14:56:46,Clear,27.76,94
2025-07-27 15:17:18,Clear,27.76,94
2025-07-27 15:35:39,Clear,27.76,100
2025-07-27 15:47:18,Clear,27.76,100
2025-07-27 15:55:22,Clear,27.76,100
2025-07-27 16:16:30,Clear,27.76,100
2025-07-27 16:42:39,Clear,27.76,100
2025-07-27 16:56:00,Clear,27.76,100
2025-07-27 17:13:44,Clear,26.3,89
2025-07-27 17:34:53,Clear,26.76,100
2025-07-27 17:47:47,Clear,26.76,100
2025-07-27 17:55:50,Clear,26.76,100
2025-07-27 18:20:24,Clear,26.76,100
2025-07-27 18:46:40,Clear,26.76,100
2025-07-27 18:59:42,Clear,26.76,100
2025-07-27 19:21:06,Clear,26.76,100
2025-07-27 19:31:29,Clear,26.76,100
2025-07-27 19:42:31,Clear,26.76,100
2025-07-27 19:50:23,Clear,26.76,100
2025-07-27 19:58:12,Clear,26.76,100
2025-07-27 20:23:18,Clear,25.71,92
2025-07-27 20:40:10,Clear,26.76,100
2025-07-27 20:51:54,Clear,26.76,100
2025-07-27 20:59:24,Clear,26.76,100
2025-07-27 21:22:15,Clear,25.76,100
2025-07-27 21:36:57,Clouds,25.76,100
2025-07-27 21:46:28,Clouds,25.76,100
2025-07-27 21:54:21,Clouds,25.76,100
2025-07-27 22:11:36,Clear,27.07,90
2025-07-27 22:35:07,Clear,28.76,94
2025-07-27 22:50:14,Clear,28.76,94
2025-07-27 22:57:35,Clear,28.76,94
2025-07-27 23:19:27,Clear,30.76,84
2025-07-27 23:37:11,Clear,30.76,84
2025-07-27 23:49:04,Clear,30.76,84
2025-07-27 23:56:48,Clear,30.76,84
2025-07-28 01:42:40,Clouds,33.76,66
2025-07-28 03:27:06,Clear,33.83,59
2025-07-28 04:29:56,Clouds,34.76,55
2025-07-28 05:03:19,Clouds,34.76,55
2025-07-28 05:37:51,Clouds,34.76,59
2025-07-28 05:55:52,Clouds,34.76,59
2025-07-28 06:26:12,Clouds,34.76,66
2025-07-28 06:56:58,Clouds,34.76,66
2025-07-28 07:23:28,Clear,35.06,54
2025-07-28 07:43:25,Clouds,34.76,66
2025-07-28 07:54:09,Clouds,34.76,66
2025-07-28 08:18:28,Clear,34.85,54
2025-07-28 08:48:08,Clouds,33.76,70
2025-07-28 09:13:54,Clouds,33.76,70
2025-07-28 09:42:38,Clouds,31.76,79
2025-07-28 09:55:53,Clouds,31.76,79
2025-07-28 10:17:47,Clear,31.68,67
2025-07-28 10:45:13,Clouds,30.76,74
2025-07-28 10:57:51,Clouds,30.76,74
2025-07-28 11:18:24,Clear,29.98,71
2025-07-28 11:33:28,Clear,28.76,84
2025-07-28 11:45:48,Clear,28.76,84
2025-07-28 11:53:30,Clear,28.76,84
2025-07-28 12:20:25,Clear,28.94,69
2025-07-28 13:08:57,Clear,27.76,83
2025-07-28 13:50:16,Clear,26.76,94
2025-07-28 14:10:43,Clear,27.62,82
2025-07-28 14:39:46,Clear,27.76,89
2025-07-28 14:55:43,Clear,27.76,89
2025-07-28 15:17:27,Clear,27.44,83
2025-07-28 15:41:06,Clear,26.76,94
2025-07-28 15:54:43,Clear,26.76,94
2025-07-28 16:17:12,Clear,27,84
2025-07-28 16:46:58,Clear,25.76,100
2025-07-28 17:03:12,Clear,25.76,100
2025-07-28 17:31:08,Clear,25.76,100
2025-07-28 17:47:46,Clear,25.76,100
2025-07-28 17:56:47,Clear,25.76,100
2025-07-28 18:27:50,Clear,25.76,100
2025-07-28 18:55:02,Clear,25.76,100
2025-07-28 19:14:14,Clear,25.76,100
2025-07-28 19:30:56,Clear,25.76,100
2025-07-28 19:42:57,Clear,25.76,100
2025-07-28 19:51:03,Clear,25.76,100
2025-07-28 19:58:49,Clear,25.76,100
2025-07-28 20:26:59,Clear,24.76,100
2025-07-28 20:45:08,Clear,24.76,100
2025-07-28 20:56:46,Clear,24.76,100
2025-07-28 21:16:53,Clear,24.76,100
2025-07-28 21:33:23,Clear,25.76,100
2025-07-28 21:46:09,Clear,25.76,100
2025-07-28 21:53:34,Clear,25.76,100
2025-07-28 22:10:30,Clear,26.89,89
2025-07-28 22:37:52,Clear,27.76,100
2025-07-28 22:53:48,Clear,27.76,100
2025-07-28 23:11:09,Clear,29.06,83
2025-07-28 23:33:38,Clear,29.76,84
2025-07-28 23:48:50,Clear,29.76,84
2025-07-28 23:57:42,Clear,29.76,84
2025-07-29 01:58:18,Clear,32.76,66
2025-07-29 03:49:32,Clouds,34.76,55
2025-07-29 04:36:47,Clouds,34.76,63
2025-07-29 05:06:17,Clouds,34.76,63
2025-07-29 05:42:00,Clouds,35.76,56
2025-07-29 05:56:58,Clouds,35.76,56
2025-07-29 06:28:56,Clouds,35.76,56
2025-07-29 06:57:12,Clouds,35.76,56
2025-07-29 07:22:53,Clear,35.47,47
2025-07-29 07:42:07,Clouds,35.76,56
2025-07-29 07:53:16,Clouds,35.76,56
2025-07-29 08:14:13,Clouds,35.76,56
2025-07-29 08:45:45,Clouds,34.76,59
2025-07-29 09:02:30,Clouds,34.76,59
2025-07-29 09:35:14,Clouds,33.76,59
2025-07-29 09:52:24,Clouds,33.76,59
2025-07-29 10:00:14,Clouds,33.76,59
2025-07-29 10:29:36,Clear,31.76,66
2025-07-29 10:50:21,Clear,31.76,66
2025-07-29 10:59:43,Clear,31.76,66
2025-07-29 11:22:31,Clear,29.76,79
2025-07-29 11:36:46,Clear,29.76,79
2025-07-29 11:46:54,Clear,29.76,79
2025-07-29 11:54:38,Clear,29.76,79
